num_nodes,packets_lost,throughput,pdr
10,0,12.2781,100
20,469,7.92945,77
30,2950,2.49616,84
40,7484,2.44981,83
50,14948,2.49761,75
60,26585,2.51122,67
70,42497,5.46456,55
80,63707,17.8887,52
90,91198,0.0,42
100,124261,0.0,38
